ID,timePoint,samp,Vegetation,Precip,substrate,genesPerMillionReads
22X,0,T1,Grassland,Ambient,cellulose,204438.4127
8X,0,T1,Grassland,Ambient,cellulose,232326.8099
18X,0,T1,Grassland,Ambient,cellulose,197294.7384
4X,0,T1,Grassland,Ambient,cellulose,218775.9393
8X,5,T3,Grassland,Ambient,cellulose,180221.3755
4X,5,T3,Grassland,Ambient,cellulose,140807.3674
22X,5,T3,Grassland,Ambient,cellulose,133013.513
18X,5,T3,Grassland,Ambient,cellulose,146650.6513
4X,3,T2,Grassland,Ambient,cellulose,156710.049
22X,3,T2,Grassland,Ambient,cellulose,142092.6331
8X,3,T2,Grassland,Ambient,cellulose,151913.2539
18X,3,T2,Grassland,Ambient,cellulose,162268.0651
22X,6,T4,Grassland,Ambient,cellulose,145364.6296
18X,6,T4,Grassland,Ambient,cellulose,144496.6548
8X,6,T4,Grassland,Ambient,cellulose,140999.3064
4X,6,T4,Grassland,Ambient,cellulose,142780.8671
7R,0,T1,Grassland,Reduced,cellulose,164609.5071
20R,0,T1,Grassland,Reduced,cellulose,216732.6645
5R,0,T1,Grassland,Reduced,cellulose,151397.9689
14R,0,T1,Grassland,Reduced,cellulose,198934.4925
20R,5,T3,Grassland,Reduced,cellulose,140801.6641
14R,5,T3,Grassland,Reduced,cellulose,143916.2001
7R,5,T3,Grassland,Reduced,cellulose,155243.7532
5R,5,T3,Grassland,Reduced,cellulose,145473.3696
5R,3,T2,Grassland,Reduced,cellulose,159310.2086
7R,3,T2,Grassland,Reduced,cellulose,160157.5825
20R,3,T2,Grassland,Reduced,cellulose,152069.914
14R,3,T2,Grassland,Reduced,cellulose,140024.2059
20R,6,T4,Grassland,Reduced,cellulose,146668.5918
14R,6,T4,Grassland,Reduced,cellulose,138662.9458
7R,6,T4,Grassland,Reduced,cellulose,149677.0506
5R,6,T4,Grassland,Reduced,cellulose,155881.3029
27X,0,T1,CSS,Ambient,cellulose,156511.666
46X,0,T1,CSS,Ambient,cellulose,162221.0036
48X,0,T1,CSS,Ambient,cellulose,156327.1793
32X,0,T1,CSS,Ambient,cellulose,153390.6114
46X,5,T3,CSS,Ambient,cellulose,151750.323
48X,5,T3,CSS,Ambient,cellulose,170909.8044
27X,5,T3,CSS,Ambient,cellulose,151607.0485
32X,5,T3,CSS,Ambient,cellulose,146777.376
48X,3,T2,CSS,Ambient,cellulose,155384.89800000002
32X,3,T2,CSS,Ambient,cellulose,137418.6859
27X,3,T2,CSS,Ambient,cellulose,139004.7139
46X,3,T2,CSS,Ambient,cellulose,173930.0835
27X,6,T4,CSS,Ambient,cellulose,146364.3352
48X,6,T4,CSS,Ambient,cellulose,142171.208
46X,6,T4,CSS,Ambient,cellulose,146128.9379
32X,6,T4,CSS,Ambient,cellulose,131665.6476
25R,0,T1,CSS,Reduced,cellulose,197548.0894
35R,0,T1,CSS,Reduced,cellulose,211505.004
47R,0,T1,CSS,Reduced,cellulose,198290.2454
45R,0,T1,CSS,Reduced,cellulose,178511.1943
47R,5,T3,CSS,Reduced,cellulose,138649.5165
25R,5,T3,CSS,Reduced,cellulose,143160.3126
45R,5,T3,CSS,Reduced,cellulose,152332.3208
35R,5,T3,CSS,Reduced,cellulose,151042.8755
25R,3,T2,CSS,Reduced,cellulose,183108.8319
45R,3,T2,CSS,Reduced,cellulose,159788.5601
47R,3,T2,CSS,Reduced,cellulose,170793.5501
35R,3,T2,CSS,Reduced,cellulose,168238.9612
47R,6,T4,CSS,Reduced,cellulose,147800.8104
25R,6,T4,CSS,Reduced,cellulose,141812.8118
35R,6,T4,CSS,Reduced,cellulose,147757.2768
45R,6,T4,CSS,Reduced,cellulose,136745.2397
22X,0,T1,Grassland,Ambient,chitin,37382.39893
8X,0,T1,Grassland,Ambient,chitin,37031.6096
18X,0,T1,Grassland,Ambient,chitin,40483.3796
4X,0,T1,Grassland,Ambient,chitin,38417.0785
8X,5,T3,Grassland,Ambient,chitin,37758.15117
4X,5,T3,Grassland,Ambient,chitin,37103.32574
22X,5,T3,Grassland,Ambient,chitin,35178.38848
18X,5,T3,Grassland,Ambient,chitin,35024.11713
4X,3,T2,Grassland,Ambient,chitin,38840.58808
22X,3,T2,Grassland,Ambient,chitin,39973.09092
8X,3,T2,Grassland,Ambient,chitin,37056.5079
18X,3,T2,Grassland,Ambient,chitin,36384.72602
22X,6,T4,Grassland,Ambient,chitin,32315.83482
18X,6,T4,Grassland,Ambient,chitin,35131.302939999994
8X,6,T4,Grassland,Ambient,chitin,32840.783639999994
4X,6,T4,Grassland,Ambient,chitin,33510.67105
7R,0,T1,Grassland,Reduced,chitin,39882.17292
20R,0,T1,Grassland,Reduced,chitin,37374.68082
5R,0,T1,Grassland,Reduced,chitin,44839.25093
14R,0,T1,Grassland,Reduced,chitin,35606.189139999995
20R,5,T3,Grassland,Reduced,chitin,37310.56315
14R,5,T3,Grassland,Reduced,chitin,37704.09122
7R,5,T3,Grassland,Reduced,chitin,34991.03085
5R,5,T3,Grassland,Reduced,chitin,36582.19102
5R,3,T2,Grassland,Reduced,chitin,36230.9225
7R,3,T2,Grassland,Reduced,chitin,37552.534869999996
20R,3,T2,Grassland,Reduced,chitin,38366.68005
14R,3,T2,Grassland,Reduced,chitin,39364.39254
20R,6,T4,Grassland,Reduced,chitin,36948.04107
14R,6,T4,Grassland,Reduced,chitin,36741.676060000005
7R,6,T4,Grassland,Reduced,chitin,31795.5379
5R,6,T4,Grassland,Reduced,chitin,35521.10341
27X,0,T1,CSS,Ambient,chitin,36835.3101
46X,0,T1,CSS,Ambient,chitin,27824.820219999998
48X,0,T1,CSS,Ambient,chitin,41026.23623
32X,0,T1,CSS,Ambient,chitin,33640.39723
46X,5,T3,CSS,Ambient,chitin,28447.554610000003
48X,5,T3,CSS,Ambient,chitin,36316.76481
27X,5,T3,CSS,Ambient,chitin,32354.26391
32X,5,T3,CSS,Ambient,chitin,36013.13571
48X,3,T2,CSS,Ambient,chitin,33335.12063
32X,3,T2,CSS,Ambient,chitin,34925.99572
27X,3,T2,CSS,Ambient,chitin,41884.20202
46X,3,T2,CSS,Ambient,chitin,29812.8241
27X,6,T4,CSS,Ambient,chitin,36019.68775
48X,6,T4,CSS,Ambient,chitin,27549.70927
46X,6,T4,CSS,Ambient,chitin,31919.412630000003
32X,6,T4,CSS,Ambient,chitin,31907.79805
25R,0,T1,CSS,Reduced,chitin,31235.20638
35R,0,T1,CSS,Reduced,chitin,30991.19975
47R,0,T1,CSS,Reduced,chitin,38551.02371
45R,0,T1,CSS,Reduced,chitin,31404.804389999998
47R,5,T3,CSS,Reduced,chitin,37847.06701
25R,5,T3,CSS,Reduced,chitin,37526.55369
45R,5,T3,CSS,Reduced,chitin,36173.78789
35R,5,T3,CSS,Reduced,chitin,34258.1219
25R,3,T2,CSS,Reduced,chitin,31570.617710000002
45R,3,T2,CSS,Reduced,chitin,36857.281910000005
47R,3,T2,CSS,Reduced,chitin,38586.18939
35R,3,T2,CSS,Reduced,chitin,38006.59237
47R,6,T4,CSS,Reduced,chitin,35285.11449
25R,6,T4,CSS,Reduced,chitin,35439.34757
35R,6,T4,CSS,Reduced,chitin,32528.96764
45R,6,T4,CSS,Reduced,chitin,33574.73636
22X,0,T1,Grassland,Ambient,hemicellulose,119257.8744
8X,0,T1,Grassland,Ambient,hemicellulose,121662.1334
18X,0,T1,Grassland,Ambient,hemicellulose,112516.4328
4X,0,T1,Grassland,Ambient,hemicellulose,113676.5652
8X,5,T3,Grassland,Ambient,hemicellulose,137430.8844
4X,5,T3,Grassland,Ambient,hemicellulose,128745.4296
22X,5,T3,Grassland,Ambient,hemicellulose,123326.33099999999
18X,5,T3,Grassland,Ambient,hemicellulose,120538.7516
4X,3,T2,Grassland,Ambient,hemicellulose,134116.9816
22X,3,T2,Grassland,Ambient,hemicellulose,135838.1974
8X,3,T2,Grassland,Ambient,hemicellulose,131285.4182
18X,3,T2,Grassland,Ambient,hemicellulose,132987.0384
22X,6,T4,Grassland,Ambient,hemicellulose,128460.2188
18X,6,T4,Grassland,Ambient,hemicellulose,134121.6332
8X,6,T4,Grassland,Ambient,hemicellulose,125714.6619
4X,6,T4,Grassland,Ambient,hemicellulose,129557.524
7R,0,T1,Grassland,Reduced,hemicellulose,98524.27414
20R,0,T1,Grassland,Reduced,hemicellulose,120295.8304
5R,0,T1,Grassland,Reduced,hemicellulose,104114.2859
14R,0,T1,Grassland,Reduced,hemicellulose,119851.2186
20R,5,T3,Grassland,Reduced,hemicellulose,129165.6817
14R,5,T3,Grassland,Reduced,hemicellulose,130515.2701
7R,5,T3,Grassland,Reduced,hemicellulose,146234.751
5R,5,T3,Grassland,Reduced,hemicellulose,132314.4144
5R,3,T2,Grassland,Reduced,hemicellulose,134294.8535
7R,3,T2,Grassland,Reduced,hemicellulose,142418.4682
20R,3,T2,Grassland,Reduced,hemicellulose,136025.147
14R,3,T2,Grassland,Reduced,hemicellulose,128356.6156
20R,6,T4,Grassland,Reduced,hemicellulose,132271.062
14R,6,T4,Grassland,Reduced,hemicellulose,138342.3299
7R,6,T4,Grassland,Reduced,hemicellulose,134914.1008
5R,6,T4,Grassland,Reduced,hemicellulose,130144.6486
27X,0,T1,CSS,Ambient,hemicellulose,140172.9829
46X,0,T1,CSS,Ambient,hemicellulose,97254.66573
48X,0,T1,CSS,Ambient,hemicellulose,104213.0629
32X,0,T1,CSS,Ambient,hemicellulose,74126.16023
46X,5,T3,CSS,Ambient,hemicellulose,104554.9391
48X,5,T3,CSS,Ambient,hemicellulose,105787.9824
27X,5,T3,CSS,Ambient,hemicellulose,103345.6929
32X,5,T3,CSS,Ambient,hemicellulose,103478.0023
48X,3,T2,CSS,Ambient,hemicellulose,116105.1461
32X,3,T2,CSS,Ambient,hemicellulose,103640.2169
27X,3,T2,CSS,Ambient,hemicellulose,100693.6317
46X,3,T2,CSS,Ambient,hemicellulose,110007.4678
27X,6,T4,CSS,Ambient,hemicellulose,105497.8844
48X,6,T4,CSS,Ambient,hemicellulose,101204.0359
46X,6,T4,CSS,Ambient,hemicellulose,95408.44505
32X,6,T4,CSS,Ambient,hemicellulose,108020.615
25R,0,T1,CSS,Reduced,hemicellulose,119676.4282
35R,0,T1,CSS,Reduced,hemicellulose,124616.4935
47R,0,T1,CSS,Reduced,hemicellulose,92726.93363
45R,0,T1,CSS,Reduced,hemicellulose,97266.88822000001
47R,5,T3,CSS,Reduced,hemicellulose,123815.4194
25R,5,T3,CSS,Reduced,hemicellulose,113191.9977
45R,5,T3,CSS,Reduced,hemicellulose,122030.1937
35R,5,T3,CSS,Reduced,hemicellulose,102036.6056
25R,3,T2,CSS,Reduced,hemicellulose,122850.7578
45R,3,T2,CSS,Reduced,hemicellulose,110318.5223
47R,3,T2,CSS,Reduced,hemicellulose,94168.09608999999
35R,3,T2,CSS,Reduced,hemicellulose,99687.24398
47R,6,T4,CSS,Reduced,hemicellulose,115758.0262
25R,6,T4,CSS,Reduced,hemicellulose,121542.8541
35R,6,T4,CSS,Reduced,hemicellulose,127933.7966
45R,6,T4,CSS,Reduced,hemicellulose,107227.2266
22X,0,T1,Grassland,Ambient,lignin,72808.79978
8X,0,T1,Grassland,Ambient,lignin,80090.49723
18X,0,T1,Grassland,Ambient,lignin,71182.43638
4X,0,T1,Grassland,Ambient,lignin,70056.6866
8X,5,T3,Grassland,Ambient,lignin,77675.56827999999
4X,5,T3,Grassland,Ambient,lignin,77468.06987
22X,5,T3,Grassland,Ambient,lignin,82016.73943
18X,5,T3,Grassland,Ambient,lignin,75168.28876
4X,3,T2,Grassland,Ambient,lignin,72937.90432
22X,3,T2,Grassland,Ambient,lignin,65234.8714
8X,3,T2,Grassland,Ambient,lignin,68456.21205
18X,3,T2,Grassland,Ambient,lignin,68895.40484
22X,6,T4,Grassland,Ambient,lignin,70882.85243
18X,6,T4,Grassland,Ambient,lignin,76096.98371
8X,6,T4,Grassland,Ambient,lignin,74110.66295
4X,6,T4,Grassland,Ambient,lignin,68864.78445
7R,0,T1,Grassland,Reduced,lignin,65517.94531
20R,0,T1,Grassland,Reduced,lignin,80337.4867
5R,0,T1,Grassland,Reduced,lignin,60785.151829999995
14R,0,T1,Grassland,Reduced,lignin,66223.29161
20R,5,T3,Grassland,Reduced,lignin,71422.98443
14R,5,T3,Grassland,Reduced,lignin,69595.39988
7R,5,T3,Grassland,Reduced,lignin,64271.80647
5R,5,T3,Grassland,Reduced,lignin,70709.23137000001
5R,3,T2,Grassland,Reduced,lignin,69853.30631
7R,3,T2,Grassland,Reduced,lignin,70894.74799
20R,3,T2,Grassland,Reduced,lignin,70692.71126
14R,3,T2,Grassland,Reduced,lignin,61526.12904
20R,6,T4,Grassland,Reduced,lignin,72150.83635
14R,6,T4,Grassland,Reduced,lignin,68393.96772999999
7R,6,T4,Grassland,Reduced,lignin,67315.19852
5R,6,T4,Grassland,Reduced,lignin,82476.47809
27X,0,T1,CSS,Ambient,lignin,64635.550429999996
46X,0,T1,CSS,Ambient,lignin,86913.70272
48X,0,T1,CSS,Ambient,lignin,79035.54157
32X,0,T1,CSS,Ambient,lignin,81349.28247
46X,5,T3,CSS,Ambient,lignin,91505.57922999999
48X,5,T3,CSS,Ambient,lignin,85271.93276
27X,5,T3,CSS,Ambient,lignin,86863.12571000001
32X,5,T3,CSS,Ambient,lignin,79355.82255
48X,3,T2,CSS,Ambient,lignin,80584.65763999999
32X,3,T2,CSS,Ambient,lignin,82524.6412
27X,3,T2,CSS,Ambient,lignin,87321.75553
46X,3,T2,CSS,Ambient,lignin,85090.16578
27X,6,T4,CSS,Ambient,lignin,75389.55132
48X,6,T4,CSS,Ambient,lignin,78802.17203
46X,6,T4,CSS,Ambient,lignin,84213.91599
32X,6,T4,CSS,Ambient,lignin,72449.16057000001
25R,0,T1,CSS,Reduced,lignin,84886.20811
35R,0,T1,CSS,Reduced,lignin,79888.53387
47R,0,T1,CSS,Reduced,lignin,82880.40046
45R,0,T1,CSS,Reduced,lignin,75089.20592000001
47R,5,T3,CSS,Reduced,lignin,70363.51388
25R,5,T3,CSS,Reduced,lignin,73127.51421000001
45R,5,T3,CSS,Reduced,lignin,75533.10222
35R,5,T3,CSS,Reduced,lignin,74352.10717
25R,3,T2,CSS,Reduced,lignin,79280.35752
45R,3,T2,CSS,Reduced,lignin,77646.52298
47R,3,T2,CSS,Reduced,lignin,59170.69105
35R,3,T2,CSS,Reduced,lignin,70506.70892
47R,6,T4,CSS,Reduced,lignin,72644.06617
25R,6,T4,CSS,Reduced,lignin,70463.10575
35R,6,T4,CSS,Reduced,lignin,71167.3936
45R,6,T4,CSS,Reduced,lignin,79985.67379
22X,0,T1,Grassland,Ambient,oligosaccharides,41143.85742
8X,0,T1,Grassland,Ambient,oligosaccharides,42453.0716
18X,0,T1,Grassland,Ambient,oligosaccharides,42689.507489999996
4X,0,T1,Grassland,Ambient,oligosaccharides,41911.6473
8X,5,T3,Grassland,Ambient,oligosaccharides,41299.328910000004
4X,5,T3,Grassland,Ambient,oligosaccharides,36719.15487
22X,5,T3,Grassland,Ambient,oligosaccharides,30790.181660000002
18X,5,T3,Grassland,Ambient,oligosaccharides,35798.970369999995
4X,3,T2,Grassland,Ambient,oligosaccharides,39944.8015
22X,3,T2,Grassland,Ambient,oligosaccharides,42480.26582
8X,3,T2,Grassland,Ambient,oligosaccharides,44879.180089999994
18X,3,T2,Grassland,Ambient,oligosaccharides,48136.19118
22X,6,T4,Grassland,Ambient,oligosaccharides,29146.29392
18X,6,T4,Grassland,Ambient,oligosaccharides,33619.60532
8X,6,T4,Grassland,Ambient,oligosaccharides,38235.42352
4X,6,T4,Grassland,Ambient,oligosaccharides,31060.420660000003
7R,0,T1,Grassland,Reduced,oligosaccharides,39222.66375
20R,0,T1,Grassland,Reduced,oligosaccharides,45606.78416
5R,0,T1,Grassland,Reduced,oligosaccharides,41294.91319
14R,0,T1,Grassland,Reduced,oligosaccharides,44897.78921
20R,5,T3,Grassland,Reduced,oligosaccharides,40889.96269
14R,5,T3,Grassland,Reduced,oligosaccharides,38835.239839999995
7R,5,T3,Grassland,Reduced,oligosaccharides,45424.2118
5R,5,T3,Grassland,Reduced,oligosaccharides,37083.56042
5R,3,T2,Grassland,Reduced,oligosaccharides,45758.01737
7R,3,T2,Grassland,Reduced,oligosaccharides,41469.68766
20R,3,T2,Grassland,Reduced,oligosaccharides,41650.775839999995
14R,3,T2,Grassland,Reduced,oligosaccharides,37912.34824
20R,6,T4,Grassland,Reduced,oligosaccharides,37083.99906
14R,6,T4,Grassland,Reduced,oligosaccharides,36955.989219999996
7R,6,T4,Grassland,Reduced,oligosaccharides,35290.84074
5R,6,T4,Grassland,Reduced,oligosaccharides,39470.20412
27X,0,T1,CSS,Ambient,oligosaccharides,32882.02843
46X,0,T1,CSS,Ambient,oligosaccharides,33058.67157
48X,0,T1,CSS,Ambient,oligosaccharides,27537.208880000002
32X,0,T1,CSS,Ambient,oligosaccharides,34326.93213
46X,5,T3,CSS,Ambient,oligosaccharides,34880.2553
48X,5,T3,CSS,Ambient,oligosaccharides,27711.77045
27X,5,T3,CSS,Ambient,oligosaccharides,30635.52037
32X,5,T3,CSS,Ambient,oligosaccharides,31216.383889999997
48X,3,T2,CSS,Ambient,oligosaccharides,38295.5837
32X,3,T2,CSS,Ambient,oligosaccharides,34049.19051
27X,3,T2,CSS,Ambient,oligosaccharides,38310.590169999996
46X,3,T2,CSS,Ambient,oligosaccharides,38763.68351
27X,6,T4,CSS,Ambient,oligosaccharides,31914.33384
48X,6,T4,CSS,Ambient,oligosaccharides,26202.99725
46X,6,T4,CSS,Ambient,oligosaccharides,34642.28767
32X,6,T4,CSS,Ambient,oligosaccharides,34692.396239999995
25R,0,T1,CSS,Reduced,oligosaccharides,33344.09475
35R,0,T1,CSS,Reduced,oligosaccharides,41296.464739999996
47R,0,T1,CSS,Reduced,oligosaccharides,27436.61806
45R,0,T1,CSS,Reduced,oligosaccharides,21516.78377
47R,5,T3,CSS,Reduced,oligosaccharides,33254.669780000004
25R,5,T3,CSS,Reduced,oligosaccharides,38954.29402
45R,5,T3,CSS,Reduced,oligosaccharides,38721.82232
35R,5,T3,CSS,Reduced,oligosaccharides,38863.87792
25R,3,T2,CSS,Reduced,oligosaccharides,41061.63343
45R,3,T2,CSS,Reduced,oligosaccharides,26220.7959
47R,3,T2,CSS,Reduced,oligosaccharides,32397.766560000004
35R,3,T2,CSS,Reduced,oligosaccharides,37287.1841
47R,6,T4,CSS,Reduced,oligosaccharides,35505.13725
25R,6,T4,CSS,Reduced,oligosaccharides,34699.17912
35R,6,T4,CSS,Reduced,oligosaccharides,35482.73108
45R,6,T4,CSS,Reduced,oligosaccharides,36149.95274
22X,0,T1,Grassland,Ambient,peptidoglycan,7133.885662999999
8X,0,T1,Grassland,Ambient,peptidoglycan,6115.052522999999
18X,0,T1,Grassland,Ambient,peptidoglycan,10316.76389
4X,0,T1,Grassland,Ambient,peptidoglycan,7830.310109999999
8X,5,T3,Grassland,Ambient,peptidoglycan,11977.66333
4X,5,T3,Grassland,Ambient,peptidoglycan,19058.03029
22X,5,T3,Grassland,Ambient,peptidoglycan,21655.31587
18X,5,T3,Grassland,Ambient,peptidoglycan,18172.90695
4X,3,T2,Grassland,Ambient,peptidoglycan,16705.97583
22X,3,T2,Grassland,Ambient,peptidoglycan,17393.621219999997
8X,3,T2,Grassland,Ambient,peptidoglycan,15224.97941
18X,3,T2,Grassland,Ambient,peptidoglycan,14995.900419999998
22X,6,T4,Grassland,Ambient,peptidoglycan,20497.98713
18X,6,T4,Grassland,Ambient,peptidoglycan,20056.119909999998
8X,6,T4,Grassland,Ambient,peptidoglycan,16901.28756
4X,6,T4,Grassland,Ambient,peptidoglycan,19755.04665
7R,0,T1,Grassland,Reduced,peptidoglycan,15480.907819999999
20R,0,T1,Grassland,Reduced,peptidoglycan,10226.85992
5R,0,T1,Grassland,Reduced,peptidoglycan,25800.37692
14R,0,T1,Grassland,Reduced,peptidoglycan,14673.163359999999
20R,5,T3,Grassland,Reduced,peptidoglycan,18393.06589
14R,5,T3,Grassland,Reduced,peptidoglycan,19000.30854
7R,5,T3,Grassland,Reduced,peptidoglycan,16663.778919999997
5R,5,T3,Grassland,Reduced,peptidoglycan,19736.1862
5R,3,T2,Grassland,Reduced,peptidoglycan,17288.47146
7R,3,T2,Grassland,Reduced,peptidoglycan,16019.26343
20R,3,T2,Grassland,Reduced,peptidoglycan,17060.68252
14R,3,T2,Grassland,Reduced,peptidoglycan,24930.51149
20R,6,T4,Grassland,Reduced,peptidoglycan,17421.83643
14R,6,T4,Grassland,Reduced,peptidoglycan,19462.81111
7R,6,T4,Grassland,Reduced,peptidoglycan,16257.48934
5R,6,T4,Grassland,Reduced,peptidoglycan,19153.27524
27X,0,T1,CSS,Ambient,peptidoglycan,17281.27391
46X,0,T1,CSS,Ambient,peptidoglycan,14069.255990000001
48X,0,T1,CSS,Ambient,peptidoglycan,20554.30689
32X,0,T1,CSS,Ambient,peptidoglycan,9549.879481
46X,5,T3,CSS,Ambient,peptidoglycan,17080.81373
48X,5,T3,CSS,Ambient,peptidoglycan,15772.18666
27X,5,T3,CSS,Ambient,peptidoglycan,21429.18964
32X,5,T3,CSS,Ambient,peptidoglycan,20062.14475
48X,3,T2,CSS,Ambient,peptidoglycan,15631.667440000001
32X,3,T2,CSS,Ambient,peptidoglycan,25126.13833
27X,3,T2,CSS,Ambient,peptidoglycan,26179.603619999998
46X,3,T2,CSS,Ambient,peptidoglycan,16764.51771
27X,6,T4,CSS,Ambient,peptidoglycan,18709.956159999998
48X,6,T4,CSS,Ambient,peptidoglycan,22787.120069999997
46X,6,T4,CSS,Ambient,peptidoglycan,17372.745
32X,6,T4,CSS,Ambient,peptidoglycan,21276.57214
25R,0,T1,CSS,Reduced,peptidoglycan,17257.04415
35R,0,T1,CSS,Reduced,peptidoglycan,11795.665340000001
47R,0,T1,CSS,Reduced,peptidoglycan,17550.03759
45R,0,T1,CSS,Reduced,peptidoglycan,20795.1542
47R,5,T3,CSS,Reduced,peptidoglycan,19969.20059
25R,5,T3,CSS,Reduced,peptidoglycan,19479.84259
45R,5,T3,CSS,Reduced,peptidoglycan,20785.498359999998
35R,5,T3,CSS,Reduced,peptidoglycan,18992.30285
25R,3,T2,CSS,Reduced,peptidoglycan,10563.44297
45R,3,T2,CSS,Reduced,peptidoglycan,23446.7449
47R,3,T2,CSS,Reduced,peptidoglycan,19353.83203
35R,3,T2,CSS,Reduced,peptidoglycan,15118.436580000001
47R,6,T4,CSS,Reduced,peptidoglycan,22876.40181
25R,6,T4,CSS,Reduced,peptidoglycan,20485.08184
35R,6,T4,CSS,Reduced,peptidoglycan,19302.56626
45R,6,T4,CSS,Reduced,peptidoglycan,20880.514040000002
22X,0,T1,Grassland,Ambient,polysaccharides,26292.03163
8X,0,T1,Grassland,Ambient,polysaccharides,29478.1435
18X,0,T1,Grassland,Ambient,polysaccharides,27431.72063
4X,0,T1,Grassland,Ambient,polysaccharides,26059.01868
8X,5,T3,Grassland,Ambient,polysaccharides,22546.8887
4X,5,T3,Grassland,Ambient,polysaccharides,18012.24832
22X,5,T3,Grassland,Ambient,polysaccharides,14039.91232
18X,5,T3,Grassland,Ambient,polysaccharides,15086.97498
4X,3,T2,Grassland,Ambient,polysaccharides,20097.620280000003
22X,3,T2,Grassland,Ambient,polysaccharides,17836.8706
8X,3,T2,Grassland,Ambient,polysaccharides,19621.553669999998
18X,3,T2,Grassland,Ambient,polysaccharides,22351.43867
22X,6,T4,Grassland,Ambient,polysaccharides,17018.13947
18X,6,T4,Grassland,Ambient,polysaccharides,16980.49582
8X,6,T4,Grassland,Ambient,polysaccharides,18729.45604
4X,6,T4,Grassland,Ambient,polysaccharides,18064.93071
7R,0,T1,Grassland,Reduced,polysaccharides,23171.61489
20R,0,T1,Grassland,Reduced,polysaccharides,26668.94872
5R,0,T1,Grassland,Reduced,polysaccharides,18423.87361
14R,0,T1,Grassland,Reduced,polysaccharides,25791.56491
20R,5,T3,Grassland,Reduced,polysaccharides,18265.27861
14R,5,T3,Grassland,Reduced,polysaccharides,19264.374659999998
7R,5,T3,Grassland,Reduced,polysaccharides,23152.61029
5R,5,T3,Grassland,Reduced,polysaccharides,18760.60219
5R,3,T2,Grassland,Reduced,polysaccharides,20180.02478
7R,3,T2,Grassland,Reduced,polysaccharides,22009.5658
20R,3,T2,Grassland,Reduced,polysaccharides,20526.59075
14R,3,T2,Grassland,Reduced,polysaccharides,19003.23811
20R,6,T4,Grassland,Reduced,polysaccharides,20564.460619999998
14R,6,T4,Grassland,Reduced,polysaccharides,19781.54175
7R,6,T4,Grassland,Reduced,polysaccharides,21636.84643
5R,6,T4,Grassland,Reduced,polysaccharides,19301.44227
27X,0,T1,CSS,Ambient,polysaccharides,26448.05555
46X,0,T1,CSS,Ambient,polysaccharides,26681.9748
48X,0,T1,CSS,Ambient,polysaccharides,17409.67777
32X,0,T1,CSS,Ambient,polysaccharides,11036.87826
46X,5,T3,CSS,Ambient,polysaccharides,25324.61145
48X,5,T3,CSS,Ambient,polysaccharides,19259.039569999997
27X,5,T3,CSS,Ambient,polysaccharides,19599.46404
32X,5,T3,CSS,Ambient,polysaccharides,19053.27395
48X,3,T2,CSS,Ambient,polysaccharides,24577.21892
32X,3,T2,CSS,Ambient,polysaccharides,19388.1123
27X,3,T2,CSS,Ambient,polysaccharides,19583.255259999998
46X,3,T2,CSS,Ambient,polysaccharides,21405.49415
27X,6,T4,CSS,Ambient,polysaccharides,23257.0867
48X,6,T4,CSS,Ambient,polysaccharides,24983.385130000002
46X,6,T4,CSS,Ambient,polysaccharides,26128.56611
32X,6,T4,CSS,Ambient,polysaccharides,20939.759530000003
25R,0,T1,CSS,Reduced,polysaccharides,25072.79894
35R,0,T1,CSS,Reduced,polysaccharides,29167.21036
47R,0,T1,CSS,Reduced,polysaccharides,27435.10475
45R,0,T1,CSS,Reduced,polysaccharides,18665.51973
47R,5,T3,CSS,Reduced,polysaccharides,15178.225540000001
25R,5,T3,CSS,Reduced,polysaccharides,16822.90257
45R,5,T3,CSS,Reduced,polysaccharides,20519.44961
35R,5,T3,CSS,Reduced,polysaccharides,20667.20392
25R,3,T2,CSS,Reduced,polysaccharides,27202.5874
45R,3,T2,CSS,Reduced,polysaccharides,15554.63026
47R,3,T2,CSS,Reduced,polysaccharides,15688.606759999999
35R,3,T2,CSS,Reduced,polysaccharides,22268.34957
47R,6,T4,CSS,Reduced,polysaccharides,19277.76097
25R,6,T4,CSS,Reduced,polysaccharides,19222.47536
35R,6,T4,CSS,Reduced,polysaccharides,20388.984940000002
45R,6,T4,CSS,Reduced,polysaccharides,20450.122209999998
22X,0,T1,Grassland,Ambient,starch,95101.07258
8X,0,T1,Grassland,Ambient,starch,81668.71715
18X,0,T1,Grassland,Ambient,starch,95599.07621
4X,0,T1,Grassland,Ambient,starch,94518.80932999999
8X,5,T3,Grassland,Ambient,starch,80346.42781000001
4X,5,T3,Grassland,Ambient,starch,95271.20321
22X,5,T3,Grassland,Ambient,starch,104701.7512
18X,5,T3,Grassland,Ambient,starch,94812.93533
4X,3,T2,Grassland,Ambient,starch,97407.70238999999
22X,3,T2,Grassland,Ambient,starch,97236.78992000001
8X,3,T2,Grassland,Ambient,starch,98224.4454
18X,3,T2,Grassland,Ambient,starch,93593.87329
22X,6,T4,Grassland,Ambient,starch,112864.8064
18X,6,T4,Grassland,Ambient,starch,95718.60098999999
8X,6,T4,Grassland,Ambient,starch,117564.1026
4X,6,T4,Grassland,Ambient,starch,106453.9741
7R,0,T1,Grassland,Reduced,starch,111420.1012
20R,0,T1,Grassland,Reduced,starch,80879.92205
5R,0,T1,Grassland,Reduced,starch,102487.0443
14R,0,T1,Grassland,Reduced,starch,102512.9758
20R,5,T3,Grassland,Reduced,starch,104361.99
14R,5,T3,Grassland,Reduced,starch,95463.08714
7R,5,T3,Grassland,Reduced,starch,94045.24712
5R,5,T3,Grassland,Reduced,starch,98618.7856
5R,3,T2,Grassland,Reduced,starch,99976.0647
7R,3,T2,Grassland,Reduced,starch,86410.66223
20R,3,T2,Grassland,Reduced,starch,96010.66635
14R,3,T2,Grassland,Reduced,starch,114679.0617
20R,6,T4,Grassland,Reduced,starch,97678.62961
14R,6,T4,Grassland,Reduced,starch,97017.89185
7R,6,T4,Grassland,Reduced,starch,129588.8004
5R,6,T4,Grassland,Reduced,starch,95214.30708
27X,0,T1,CSS,Ambient,starch,121622.8468
46X,0,T1,CSS,Ambient,starch,125460.2616
48X,0,T1,CSS,Ambient,starch,107848.0765
32X,0,T1,CSS,Ambient,starch,129342.5379
46X,5,T3,CSS,Ambient,starch,105789.6633
48X,5,T3,CSS,Ambient,starch,111980.0384
27X,5,T3,CSS,Ambient,starch,106476.5442
32X,5,T3,CSS,Ambient,starch,128674.7354
48X,3,T2,CSS,Ambient,starch,106422.2436
32X,3,T2,CSS,Ambient,starch,119186.6647
27X,3,T2,CSS,Ambient,starch,110609.4121
46X,3,T2,CSS,Ambient,starch,112245.4771
27X,6,T4,CSS,Ambient,starch,152009.598
48X,6,T4,CSS,Ambient,starch,161794.8886
46X,6,T4,CSS,Ambient,starch,138370.1742
32X,6,T4,CSS,Ambient,starch,141546.5194
25R,0,T1,CSS,Reduced,starch,95698.68153
35R,0,T1,CSS,Reduced,starch,90470.97887
47R,0,T1,CSS,Reduced,starch,118692.7006
45R,0,T1,CSS,Reduced,starch,150904.1253
47R,5,T3,CSS,Reduced,starch,119068.1321
25R,5,T3,CSS,Reduced,starch,106575.8036
45R,5,T3,CSS,Reduced,starch,93939.92958
35R,5,T3,CSS,Reduced,starch,141548.7805
25R,3,T2,CSS,Reduced,starch,96914.80775
45R,3,T2,CSS,Reduced,starch,110906.8765
47R,3,T2,CSS,Reduced,starch,109190.0437
35R,3,T2,CSS,Reduced,starch,124600.5029
47R,6,T4,CSS,Reduced,starch,107311.8744
25R,6,T4,CSS,Reduced,starch,111074.6409
35R,6,T4,CSS,Reduced,starch,104473.3056
45R,6,T4,CSS,Reduced,starch,122809.5567
